{
  "02_Reserve" : {
    "transaction" : "02_Reserve",
    "sampleCount" : 24452,
    "errorCount" : 0,
    "errorPct" : 0.0,
    "meanResTime" : 180.32778504825959,
    "medianResTime" : 152.0,
    "minResTime" : 88.0,
    "maxResTime" : 1613.0,
    "pct1ResTime" : 281.0,
    "pct2ResTime" : 335.0,
    "pct3ResTime" : 459.0,
    "throughput" : 81.78993246610762,
    "receivedKBytesPerSec" : 589.5448110288633,
    "sentKBytesPerSec" : 19.968245230983303
  },
  "03_Purchase" : {
    "transaction" : "03_Purchase",
    "sampleCount" : 24387,
    "errorCount" : 0,
    "errorPct" : 0.0,
    "meanResTime" : 186.33546561692842,
    "medianResTime" : 159.0,
    "minResTime" : 92.0,
    "maxResTime" : 2013.0,
    "pct1ResTime" : 286.0,
    "pct2ResTime" : 338.0,
    "pct3ResTime" : 469.0,
    "throughput" : 81.59816908524527,
    "receivedKBytesPerSec" : 535.4107561066043,
    "sentKBytesPerSec" : 22.232313647249445
  },
  "Total" : {
    "transaction" : "Total",
    "sampleCount" : 73357,
    "errorCount" : 0,
    "errorPct" : 0.0,
    "meanResTime" : 181.91335523535687,
    "medianResTime" : 156.0,
    "minResTime" : 88.0,
    "maxResTime" : 2013.0,
    "pct1ResTime" : 284.0,
    "pct2ResTime" : 336.0,
    "pct3ResTime" : 465.9900000000016,
    "throughput" : 244.45732985427267,
    "receivedKBytesPerSec" : 1500.1514272136105,
    "sentKBytesPerSec" : 51.61084697235913
  },
  "01_Home" : {
    "transaction" : "01_Home",
    "sampleCount" : 24518,
    "errorCount" : 0,
    "errorPct" : 0.0,
    "meanResTime" : 179.0961742393333,
    "medianResTime" : 151.0,
    "minResTime" : 89.0,
    "maxResTime" : 1789.0,
    "pct1ResTime" : 277.0,
    "pct2ResTime" : 328.0,
    "pct3ResTime" : 459.0,
    "throughput" : 81.70460642293249,
    "receivedKBytesPerSec" : 379.5622772997124,
    "sentKBytesPerSec" : 9.574758565187398
  }
}