{
  "02_Reserve" : {
    "transaction" : "02_Reserve",
    "sampleCount" : 20802,
    "errorCount" : 2,
    "errorPct" : 0.00961446,
    "meanResTime" : 427.1972406499397,
    "medianResTime" : 206.5,
    "minResTime" : 85.0,
    "maxResTime" : 8870.0,
    "pct1ResTime" : 938.0,
    "pct2ResTime" : 1464.9500000000007,
    "pct3ResTime" : 3190.820000000029,
    "throughput" : 69.56213508470383,
    "receivedKBytesPerSec" : 501.3600853935234,
    "sentKBytesPerSec" : 16.98294313591402
  },
  "03_Purchase" : {
    "transaction" : "03_Purchase",
    "sampleCount" : 20733,
    "errorCount" : 0,
    "errorPct" : 0.0,
    "meanResTime" : 429.56576472290743,
    "medianResTime" : 216.0,
    "minResTime" : 88.0,
    "maxResTime" : 7625.0,
    "pct1ResTime" : 951.0,
    "pct2ResTime" : 1450.0,
    "pct3ResTime" : 3045.950000000008,
    "throughput" : 69.36526417215353,
    "receivedKBytesPerSec" : 455.14266916314534,
    "sentKBytesPerSec" : 18.89932490628011
  },
  "Total" : {
    "transaction" : "Total",
    "sampleCount" : 62401,
    "errorCount" : 2,
    "errorPct" : 0.0032050768,
    "meanResTime" : 427.6371532507523,
    "medianResTime" : 161.0,
    "minResTime" : 85.0,
    "maxResTime" : 8870.0,
    "pct1ResTime" : 468.0,
    "pct2ResTime" : 899.0,
    "pct3ResTime" : 2302.980000000003,
    "throughput" : 207.95481054420637,
    "receivedKBytesPerSec" : 1276.0403724807961,
    "sentKBytesPerSec" : 43.89902447241477
  },
  "01_Home" : {
    "transaction" : "01_Home",
    "sampleCount" : 20866,
    "errorCount" : 0,
    "errorPct" : 0.0,
    "meanResTime" : 426.1593980638396,
    "medianResTime" : 207.0,
    "minResTime" : 85.0,
    "maxResTime" : 7761.0,
    "pct1ResTime" : 957.0,
    "pct2ResTime" : 1441.9500000000007,
    "pct3ResTime" : 3121.980000000003,
    "throughput" : 69.55634744172247,
    "receivedKBytesPerSec" : 323.12529766914895,
    "sentKBytesPerSec" : 8.151134465826852
  }
}