{
  "02_Reserve" : {
    "transaction" : "02_Reserve",
    "sampleCount" : 24485,
    "errorCount" : 0,
    "errorPct" : 0.0,
    "meanResTime" : 174.82307535225561,
    "medianResTime" : 147.0,
    "minResTime" : 79.0,
    "maxResTime" : 2125.0,
    "pct1ResTime" : 274.0,
    "pct2ResTime" : 325.0,
    "pct3ResTime" : 487.9900000000016,
    "throughput" : 81.67356591758926,
    "receivedKBytesPerSec" : 588.7064114301713,
    "sentKBytesPerSec" : 19.939835429098938
  },
  "03_Purchase" : {
    "transaction" : "03_Purchase",
    "sampleCount" : 24420,
    "errorCount" : 0,
    "errorPct" : 0.0,
    "meanResTime" : 181.0662162162148,
    "medianResTime" : 153.0,
    "minResTime" : 82.0,
    "maxResTime" : 1883.0,
    "pct1ResTime" : 286.0,
    "pct2ResTime" : 337.0,
    "pct3ResTime" : 491.9800000000032,
    "throughput" : 81.49045440438887,
    "receivedKBytesPerSec" : 534.7039250025863,
    "sentKBytesPerSec" : 22.2029656043208
  },
  "Total" : {
    "transaction" : "Total",
    "sampleCount" : 73462,
    "errorCount" : 0,
    "errorPct" : 0.0,
    "meanResTime" : 176.60732079170307,
    "medianResTime" : 152.0,
    "minResTime" : 78.0,
    "maxResTime" : 2125.0,
    "pct1ResTime" : 284.0,
    "pct2ResTime" : 334.9500000000007,
    "pct3ResTime" : 501.9900000000016,
    "throughput" : 244.6099699323728,
    "receivedKBytesPerSec" : 1501.0587884232145,
    "sentKBytesPerSec" : 51.64124204398265
  },
  "01_Home" : {
    "transaction" : "01_Home",
    "sampleCount" : 24557,
    "errorCount" : 0,
    "errorPct" : 0.0,
    "meanResTime" : 173.9523150221935,
    "medianResTime" : 146.0,
    "minResTime" : 78.0,
    "maxResTime" : 1524.0,
    "pct1ResTime" : 274.0,
    "pct2ResTime" : 327.0,
    "pct3ResTime" : 478.9900000000016,
    "throughput" : 81.87003877299959,
    "receivedKBytesPerSec" : 380.33036606916625,
    "sentKBytesPerSec" : 9.594145168710888
  }
}