{
  "02_Reserve" : {
    "transaction" : "02_Reserve",
    "sampleCount" : 24405,
    "errorCount" : 0,
    "errorPct" : 0.0,
    "meanResTime" : 206.08334357713608,
    "medianResTime" : 176.0,
    "minResTime" : 114.0,
    "maxResTime" : 1944.0,
    "pct1ResTime" : 310.0,
    "pct2ResTime" : 366.0,
    "pct3ResTime" : 533.9900000000016,
    "throughput" : 81.57105756600387,
    "receivedKBytesPerSec" : 587.9674314527787,
    "sentKBytesPerSec" : 19.914808976075165
  },
  "03_Purchase" : {
    "transaction" : "03_Purchase",
    "sampleCount" : 24339,
    "errorCount" : 0,
    "errorPct" : 0.0,
    "meanResTime" : 211.65372447512203,
    "medianResTime" : 181.0,
    "minResTime" : 116.0,
    "maxResTime" : 1965.0,
    "pct1ResTime" : 320.0,
    "pct2ResTime" : 375.0,
    "pct3ResTime" : 523.9900000000016,
    "throughput" : 81.37194591919976,
    "receivedKBytesPerSec" : 533.9263594013282,
    "sentKBytesPerSec" : 22.170676671344463
  },
  "Total" : {
    "transaction" : "Total",
    "sampleCount" : 73222,
    "errorCount" : 0,
    "errorPct" : 0.0,
    "meanResTime" : 206.99351287864417,
    "medianResTime" : 180.0,
    "minResTime" : 113.0,
    "maxResTime" : 2581.0,
    "pct1ResTime" : 322.0,
    "pct2ResTime" : 382.0,
    "pct3ResTime" : 603.9900000000016,
    "throughput" : 243.77430352101422,
    "receivedKBytesPerSec" : 1495.922943897153,
    "sentKBytesPerSec" : 51.464185052793574
  },
  "01_Home" : {
    "transaction" : "01_Home",
    "sampleCount" : 24478,
    "errorCount" : 0,
    "errorPct" : 0.0,
    "meanResTime" : 203.26721954408058,
    "medianResTime" : 174.0,
    "minResTime" : 113.0,
    "maxResTime" : 2581.0,
    "pct1ResTime" : 304.0,
    "pct2ResTime" : 359.0,
    "pct3ResTime" : 503.9900000000016,
    "throughput" : 81.51182151182151,
    "receivedKBytesPerSec" : 378.66641821719946,
    "sentKBytesPerSec" : 9.552166583416582
  }
}